omega_2,mu,nu,a,b,c,d
2.4956995864077025,0.7125766877140474,0.7142848952391261,15.213510554459603,14.854979777884303,30.03156048829879,0.045856496160958896
2.0096304841734858,0.503940339182208,0.5201418231239483,12.425845278194721,12.431060871634273,26.33977766049525,0.03977635608644339
3.478179686668353,0.8640523928125059,0.9454076001381473,17.466555092810673,17.502645044711265,35.018705711822875,0.05313272936488729
