omega_2,mu,nu,a,b,c,d
0.43265483316783626,0.4727716479330154,1.0452251133112112,15.428602728654774,14.68214516865957,30.821461840882463,0.04529934406433919
0.28936500598061415,0.13280106821895882,0.6894924046428097,12.422287449999832,12.363651037714828,26.34624571073966,0.039632473343796
0.6678664362864839,0.7911567940144335,1.9138747507573077,17.597716284139985,17.532752706706386,35.163089429826975,0.052954590476301036
