omega_2,mu,nu,a,b,c,d
1.2616550428798081,0.5509584062987162,0.5609998078164016,14.959704103062572,15.024519557705574,30.734616423795213,0.04484305812209006
0.8044757744502695,0.18798834329299238,0.44962822815552683,12.503409449986847,12.50324556410742,26.426346903337837,0.03931124465978633
1.532029879047815,0.5482697391653404,0.9669671788383003,17.562643213038335,17.618873956915273,35.428701125189065,0.05289815491807619
