omega_2,mu,nu,a,b,c,d
1.2433931995346512,0.5406824487116348,0.605154055396645,15.09147658180969,15.345490279623984,31.58834499984266,0.04483452614445363
0.8189640329445964,0.18560232099933446,0.4446600727894364,12.453218268529529,12.47210799185724,26.399892296238995,0.039728140852806945
1.531224473429056,0.5484579259608093,0.9821282936135767,17.650980915588946,17.667812950558748,35.11136844056121,0.05302401198954737
