omega_2,mu,nu,a,b,c,d
0.5681463761043316,0.2585544813753131,0.9579216266728157,14.84138107909557,14.984083567485296,30.530222329165625,0.045201325933602834
0.38629423472369334,0.051257996528250235,0.6309026674354057,12.407709817856109,12.355513451831385,26.501612432400353,0.03981023081584714
0.8359649843194533,0.6680914392439007,1.903625103386407,17.674014842177563,17.693532763620865,35.178618363894785,0.05267319460558002
