omega_2,mu,nu,a,b,c,d
1.226760192794397,0.5454508431063402,0.5786564119887313,14.836621018713485,14.34866475894264,30.474348454400108,0.04579374621522474
0.8099703713289932,0.18786592303510713,0.43873037262301495,12.543052566248495,12.523991678268636,26.410022330027736,0.039777048107219715
1.5330756037508984,0.5481804989847465,0.9984345300858806,17.67442605311932,17.64860543675733,35.03889933254139,0.05295648205808785
