omega_2,mu,nu,a,b,c,d
0.5655200596015326,0.25847702760267977,1.0228220476713465,14.897139554421493,15.380210174491701,30.846424776507973,0.04541892273240777
0.3818645100303074,0.054054882043156574,0.6346392447825149,12.524447808516172,12.60314511446861,26.322621708264847,0.03989122386038867
0.8293162126220197,0.662079725245841,1.8768242140267763,17.571125490283045,17.638889756643813,34.98793462771646,0.05308011941467984
