omega_2,mu,nu,a,b,c,d
0.5824868449548399,0.20022445702081892,1.0379748619932208,15.15285145862455,14.965338247569774,29.761731273350264,0.04472323669870122
0.3804884380934499,0.05371977624009401,0.6311169174038387,12.548308738111693,12.53051065661591,26.331710407474876,0.0395451159805745
0.824222643329946,0.6599460415396454,1.8776604072096053,17.60640619533956,17.62491915461169,35.34392209428472,0.05294731078043187
